member_id,scenario,expected_qualifying_risk,expected_risk_level
MEM-0001,medium_decline,true,medium
MEM-0002,medium_decline,true,medium
MEM-0003,medium_decline,true,medium
MEM-0004,medium_decline,true,medium
MEM-0005,medium_decline,true,medium
MEM-0006,medium_decline,true,medium
MEM-0007,medium_decline,true,medium
MEM-0008,medium_decline,true,medium
MEM-0009,medium_decline,true,medium
MEM-0010,medium_decline,true,medium
MEM-0011,medium_decline,true,medium
MEM-0012,medium_decline,true,medium
MEM-0013,medium_decline,true,medium
MEM-0014,medium_decline,true,medium
MEM-0015,medium_decline,true,medium
MEM-0016,high_decline,true,high
MEM-0017,high_decline,true,high
MEM-0018,high_decline,true,high
MEM-0019,high_decline,true,high
MEM-0020,high_decline,true,high
MEM-0021,high_decline,true,high
MEM-0022,high_decline,true,high
MEM-0023,high_decline,true,high
MEM-0024,high_decline,true,high
MEM-0025,high_decline,true,high
MEM-0026,insufficient_membership_age,false,
MEM-0027,insufficient_membership_age,false,
MEM-0028,insufficient_membership_age,false,
MEM-0029,insufficient_membership_age,false,
MEM-0030,insufficient_membership_age,false,
MEM-0031,insufficient_membership_age,false,
MEM-0032,insufficient_membership_age,false,
MEM-0033,insufficient_membership_age,false,
MEM-0034,insufficient_membership_age,false,
MEM-0035,insufficient_membership_age,false,
MEM-0036,insufficient_membership_age,false,
MEM-0037,insufficient_membership_age,false,
MEM-0038,insufficient_membership_age,false,
MEM-0039,insufficient_membership_age,false,
MEM-0040,insufficient_membership_age,false,
MEM-0041,insufficient_previous_visits,false,
MEM-0042,insufficient_previous_visits,false,
MEM-0043,insufficient_previous_visits,false,
MEM-0044,insufficient_previous_visits,false,
MEM-0045,insufficient_previous_visits,false,
MEM-0046,insufficient_previous_visits,false,
MEM-0047,insufficient_previous_visits,false,
MEM-0048,insufficient_previous_visits,false,
MEM-0049,insufficient_previous_visits,false,
MEM-0050,insufficient_previous_visits,false,
MEM-0051,insufficient_previous_visits,false,
MEM-0052,insufficient_previous_visits,false,
MEM-0053,insufficient_previous_visits,false,
MEM-0054,insufficient_previous_visits,false,
MEM-0055,insufficient_previous_visits,false,
MEM-0056,insufficient_previous_visits,false,
MEM-0057,insufficient_previous_visits,false,
MEM-0058,insufficient_previous_visits,false,
MEM-0059,insufficient_previous_visits,false,
MEM-0060,insufficient_previous_visits,false,
MEM-0061,decline_below_threshold,false,
MEM-0062,decline_below_threshold,false,
MEM-0063,decline_below_threshold,false,
MEM-0064,decline_below_threshold,false,
MEM-0065,decline_below_threshold,false,
MEM-0066,decline_below_threshold,false,
MEM-0067,decline_below_threshold,false,
MEM-0068,decline_below_threshold,false,
MEM-0069,decline_below_threshold,false,
MEM-0070,decline_below_threshold,false,
MEM-0071,decline_below_threshold,false,
MEM-0072,decline_below_threshold,false,
MEM-0073,decline_below_threshold,false,
MEM-0074,decline_below_threshold,false,
MEM-0075,decline_below_threshold,false,
MEM-0076,decline_below_threshold,false,
MEM-0077,decline_below_threshold,false,
MEM-0078,decline_below_threshold,false,
MEM-0079,decline_below_threshold,false,
MEM-0080,decline_below_threshold,false,
MEM-0081,no_decline,false,
MEM-0082,no_decline,false,
MEM-0083,no_decline,false,
MEM-0084,no_decline,false,
MEM-0085,no_decline,false,
MEM-0086,no_decline,false,
MEM-0087,no_decline,false,
MEM-0088,no_decline,false,
MEM-0089,no_decline,false,
MEM-0090,no_decline,false,
MEM-0091,no_decline,false,
MEM-0092,no_decline,false,
MEM-0093,no_decline,false,
MEM-0094,no_decline,false,
MEM-0095,no_decline,false,
MEM-0096,no_decline,false,
MEM-0097,no_decline,false,
MEM-0098,no_decline,false,
MEM-0099,no_decline,false,
MEM-0100,no_decline,false,
MEM-0101,attendance_increase,false,
MEM-0102,attendance_increase,false,
MEM-0103,attendance_increase,false,
MEM-0104,attendance_increase,false,
MEM-0105,attendance_increase,false,
MEM-0106,attendance_increase,false,
MEM-0107,attendance_increase,false,
MEM-0108,attendance_increase,false,
MEM-0109,attendance_increase,false,
MEM-0110,attendance_increase,false,
MEM-0111,attendance_increase,false,
MEM-0112,attendance_increase,false,
MEM-0113,attendance_increase,false,
MEM-0114,attendance_increase,false,
MEM-0115,attendance_increase,false,
MEM-0116,attendance_increase,false,
MEM-0117,attendance_increase,false,
MEM-0118,attendance_increase,false,
MEM-0119,attendance_increase,false,
MEM-0120,attendance_increase,false,
MEM-0121,stable_plan_usage,false,
MEM-0122,stable_plan_usage,false,
MEM-0123,stable_plan_usage,false,
MEM-0124,stable_plan_usage,false,
MEM-0125,stable_plan_usage,false,
MEM-0126,stable_plan_usage,false,
MEM-0127,stable_plan_usage,false,
MEM-0128,stable_plan_usage,false,
MEM-0129,stable_plan_usage,false,
MEM-0130,stable_plan_usage,false,
MEM-0131,stable_plan_usage,false,
MEM-0132,stable_plan_usage,false,
MEM-0133,stable_plan_usage,false,
MEM-0134,stable_plan_usage,false,
MEM-0135,stable_plan_usage,false,
MEM-0136,stable_plan_usage,false,
MEM-0137,stable_plan_usage,false,
MEM-0138,stable_plan_usage,false,
MEM-0139,stable_plan_usage,false,
MEM-0140,stable_plan_usage,false,
MEM-0141,stable_plan_usage,false,
MEM-0142,stable_plan_usage,false,
MEM-0143,stable_plan_usage,false,
MEM-0144,stable_plan_usage,false,
MEM-0145,stable_plan_usage,false,
MEM-0146,stable_plan_usage,false,
MEM-0147,stable_plan_usage,false,
MEM-0148,stable_plan_usage,false,
MEM-0149,stable_plan_usage,false,
MEM-0150,stable_plan_usage,false,
MEM-0151,stable_plan_usage,false,
MEM-0152,stable_plan_usage,false,
MEM-0153,stable_plan_usage,false,
MEM-0154,stable_plan_usage,false,
MEM-0155,stable_plan_usage,false,
MEM-0156,stable_plan_usage,false,
MEM-0157,stable_plan_usage,false,
MEM-0158,stable_plan_usage,false,
MEM-0159,stable_plan_usage,false,
MEM-0160,stable_plan_usage,false,
MEM-0161,stable_plan_usage,false,
MEM-0162,stable_plan_usage,false,
MEM-0163,stable_plan_usage,false,
MEM-0164,stable_plan_usage,false,
MEM-0165,stable_plan_usage,false,
MEM-0166,stable_plan_usage,false,
MEM-0167,stable_plan_usage,false,
MEM-0168,stable_plan_usage,false,
MEM-0169,stable_plan_usage,false,
MEM-0170,stable_plan_usage,false,
MEM-0171,stable_plan_usage,false,
MEM-0172,stable_plan_usage,false,
MEM-0173,stable_plan_usage,false,
MEM-0174,stable_plan_usage,false,
MEM-0175,stable_plan_usage,false,
MEM-0176,reactivated_membership,false,
MEM-0177,reactivated_membership,false,
MEM-0178,reactivated_membership,false,
MEM-0179,reactivated_membership,false,
MEM-0180,reactivated_membership,false,
MEM-0181,reactivated_membership,false,
MEM-0182,reactivated_membership,false,
MEM-0183,reactivated_membership,false,
MEM-0184,reactivated_membership,false,
MEM-0185,reactivated_membership,false,
MEM-0186,reactivated_membership,false,
MEM-0187,reactivated_membership,false,
MEM-0188,reactivated_membership,false,
MEM-0189,reactivated_membership,false,
MEM-0190,reactivated_membership,false,
MEM-0191,reactivated_membership,false,
MEM-0192,reactivated_membership,false,
MEM-0193,reactivated_membership,false,
MEM-0194,reactivated_membership,false,
MEM-0195,reactivated_membership,false,
MEM-0196,reactivated_membership,false,
MEM-0197,reactivated_membership,false,
MEM-0198,reactivated_membership,false,
MEM-0199,reactivated_membership,false,
MEM-0200,reactivated_membership,false,
MEM-0201,paused_membership,false,
MEM-0202,paused_membership,false,
MEM-0203,paused_membership,false,
MEM-0204,paused_membership,false,
MEM-0205,paused_membership,false,
MEM-0206,paused_membership,false,
MEM-0207,paused_membership,false,
MEM-0208,paused_membership,false,
MEM-0209,paused_membership,false,
MEM-0210,paused_membership,false,
MEM-0211,paused_membership,false,
MEM-0212,paused_membership,false,
MEM-0213,paused_membership,false,
MEM-0214,paused_membership,false,
MEM-0215,paused_membership,false,
MEM-0216,paused_membership,false,
MEM-0217,paused_membership,false,
MEM-0218,paused_membership,false,
MEM-0219,paused_membership,false,
MEM-0220,paused_membership,false,
MEM-0221,paused_membership,false,
MEM-0222,paused_membership,false,
MEM-0223,paused_membership,false,
MEM-0224,paused_membership,false,
MEM-0225,paused_membership,false,
MEM-0226,cancelled_membership,false,
MEM-0227,cancelled_membership,false,
MEM-0228,cancelled_membership,false,
MEM-0229,cancelled_membership,false,
MEM-0230,cancelled_membership,false,
MEM-0231,cancelled_membership,false,
MEM-0232,cancelled_membership,false,
MEM-0233,cancelled_membership,false,
MEM-0234,cancelled_membership,false,
MEM-0235,cancelled_membership,false,
MEM-0236,cancelled_membership,false,
MEM-0237,cancelled_membership,false,
MEM-0238,cancelled_membership,false,
MEM-0239,cancelled_membership,false,
MEM-0240,cancelled_membership,false,
MEM-0241,cancelled_membership,false,
MEM-0242,cancelled_membership,false,
MEM-0243,cancelled_membership,false,
MEM-0244,cancelled_membership,false,
MEM-0245,cancelled_membership,false,
MEM-0246,cancelled_membership,false,
MEM-0247,cancelled_membership,false,
MEM-0248,cancelled_membership,false,
MEM-0249,cancelled_membership,false,
MEM-0250,cancelled_membership,false,
